Exp,accuracy,precision,recall,f1
Exp1: Random Forest Baseline,0.8368098159509202,0.7932362396454453,0.8368098159509202,0.8139225730469924
Exp2: XGBoost,0.8417177914110429,0.7935102953976261,0.8417177914110429,0.8165447430205269
Exp3: Tuned XGBoost,0.845398773006135,0.7970298720066349,0.845398773006135,0.8201282455631338
